<application>
  <component name="ProjectJdkTable">
    <jdk version="2">
      <name value="JDK" />
      <type value="JavaSDK" />
      <version value="version 11.0.10" />
      <homePath value="$APPLICATION_HOME_DIR$/jre/Contents/Home" />
      <roots>
        <annotationsPath>
          <root type="composite">
            <root url="jar://$APPLICATION_HOME_DIR$/plugins/java/lib/jdkAnnotations.jar!/" type="simple" />
          </root>
        </annotationsPath>
        <classPath>
          <root type="composite">
            <root url="jrt:///Applications/Android Studio.app/Contents/jre/Contents/Home!/java.base" type="simple" />
            <root url="jrt:///Applications/Android Studio.app/Contents/jre/Contents/Home!/java.compiler" type="simple" />
            <root url="jrt:///Applications/Android Studio.app/Contents/jre/Contents/Home!/java.datatransfer" type="simple" />
            <root url="jrt:///Applications/Android Studio.app/Contents/jre/Contents/Home!/java.desktop" type="simple" />
            <root url="jrt:///Applications/Android Studio.app/Contents/jre/Contents/Home!/java.instrument" type="simple" />
            <root url="jrt:///Applications/Android Studio.app/Contents/jre/Contents/Home!/java.logging" type="simple" />
            <root url="jrt:///Applications/Android Studio.app/Contents/jre/Contents/Home!/java.management" type="simple" />
            <root url="jrt:///Applications/Android Studio.app/Contents/jre/Contents/Home!/java.management.rmi" type="simple" />
            <root url="jrt:///Applications/Android Studio.app/Contents/jre/Contents/Home!/java.naming" type="simple" />
            <root url="jrt:///Applications/Android Studio.app/Contents/jre/Contents/Home!/java.net.http" type="simple" />
            <root url="jrt:///Applications/Android Studio.app/Contents/jre/Contents/Home!/java.prefs" type="simple" />
            <root url="jrt:///Applications/Android Studio.app/Contents/jre/Contents/Home!/java.rmi" type="simple" />
            <root url="jrt:///Applications/Android Studio.app/Contents/jre/Contents/Home!/java.scripting" type="simple" />
            <root url="jrt:///Applications/Android Studio.app/Contents/jre/Contents/Home!/java.se" type="simple" />
            <root url="jrt:///Applications/Android Studio.app/Contents/jre/Contents/Home!/java.security.jgss" type="simple" />
            <root url="jrt:///Applications/Android Studio.app/Contents/jre/Contents/Home!/java.security.sasl" type="simple" />
            <root url="jrt:///Applications/Android Studio.app/Contents/jre/Contents/Home!/java.smartcardio" type="simple" />
            <root url="jrt:///Applications/Android Studio.app/Contents/jre/Contents/Home!/java.sql" type="simple" />
            <root url="jrt:///Applications/Android Studio.app/Contents/jre/Contents/Home!/java.sql.rowset" type="simple" />
            <root url="jrt:///Applications/Android Studio.app/Contents/jre/Contents/Home!/java.transaction.xa" type="simple" />
            <root url="jrt:///Applications/Android Studio.app/Contents/jre/Contents/Home!/java.xml" type="simple" />
            <root url="jrt:///Applications/Android Studio.app/Contents/jre/Contents/Home!/java.xml.crypto" type="simple" />
            <root url="jrt:///Applications/Android Studio.app/Contents/jre/Contents/Home!/jdk.accessibility" type="simple" />
            <root url="jrt:///Applications/Android Studio.app/Contents/jre/Contents/Home!/jdk.aot" type="simple" />
            <root url="jrt:///Applications/Android Studio.app/Contents/jre/Contents/Home!/jdk.attach" type="simple" />
            <root url="jrt:///Applications/Android Studio.app/Contents/jre/Contents/Home!/jdk.charsets" type="simple" />
            <root url="jrt:///Applications/Android Studio.app/Contents/jre/Contents/Home!/jdk.compiler" type="simple" />
            <root url="jrt:///Applications/Android Studio.app/Contents/jre/Contents/Home!/jdk.crypto.cryptoki" type="simple" />
            <root url="jrt:///Applications/Android Studio.app/Contents/jre/Contents/Home!/jdk.crypto.ec" type="simple" />
            <root url="jrt:///Applications/Android Studio.app/Contents/jre/Contents/Home!/jdk.dynalink" type="simple" />
            <root url="jrt:///Applications/Android Studio.app/Contents/jre/Contents/Home!/jdk.hotspot.agent" type="simple" />
            <root url="jrt:///Applications/Android Studio.app/Contents/jre/Contents/Home!/jdk.httpserver" type="simple" />
            <root url="jrt:///Applications/Android Studio.app/Contents/jre/Contents/Home!/jdk.internal.ed" type="simple" />
            <root url="jrt:///Applications/Android Studio.app/Contents/jre/Contents/Home!/jdk.internal.jvmstat" type="simple" />
            <root url="jrt:///Applications/Android Studio.app/Contents/jre/Contents/Home!/jdk.internal.le" type="simple" />
            <root url="jrt:///Applications/Android Studio.app/Contents/jre/Contents/Home!/jdk.internal.opt" type="simple" />
            <root url="jrt:///Applications/Android Studio.app/Contents/jre/Contents/Home!/jdk.internal.vm.ci" type="simple" />
            <root url="jrt:///Applications/Android Studio.app/Contents/jre/Contents/Home!/jdk.internal.vm.compiler" type="simple" />
            <root url="jrt:///Applications/Android Studio.app/Contents/jre/Contents/Home!/jdk.internal.vm.compiler.management" type="simple" />
            <root url="jrt:///Applications/Android Studio.app/Contents/jre/Contents/Home!/jdk.jartool" type="simple" />
            <root url="jrt:///Applications/Android Studio.app/Contents/jre/Contents/Home!/jdk.javadoc" type="simple" />
            <root url="jrt:///Applications/Android Studio.app/Contents/jre/Contents/Home!/jdk.jdeps" type="simple" />
            <root url="jrt:///Applications/Android Studio.app/Contents/jre/Contents/Home!/jdk.jdi" type="simple" />
            <root url="jrt:///Applications/Android Studio.app/Contents/jre/Contents/Home!/jdk.jdwp.agent" type="simple" />
            <root url="jrt:///Applications/Android Studio.app/Contents/jre/Contents/Home!/jdk.jfr" type="simple" />
            <root url="jrt:///Applications/Android Studio.app/Contents/jre/Contents/Home!/jdk.jlink" type="simple" />
            <root url="jrt:///Applications/Android Studio.app/Contents/jre/Contents/Home!/jdk.jsobject" type="simple" />
            <root url="jrt:///Applications/Android Studio.app/Contents/jre/Contents/Home!/jdk.localedata" type="simple" />
            <root url="jrt:///Applications/Android Studio.app/Contents/jre/Contents/Home!/jdk.management" type="simple" />
            <root url="jrt:///Applications/Android Studio.app/Contents/jre/Contents/Home!/jdk.management.agent" type="simple" />
            <root url="jrt:///Applications/Android Studio.app/Contents/jre/Contents/Home!/jdk.management.jfr" type="simple" />
            <root url="jrt:///Applications/Android Studio.app/Contents/jre/Contents/Home!/jdk.naming.dns" type="simple" />
            <root url="jrt:///Applications/Android Studio.app/Contents/jre/Contents/Home!/jdk.naming.rmi" type="simple" />
            <root url="jrt:///Applications/Android Studio.app/Contents/jre/Contents/Home!/jdk.net" type="simple" />
            <root url="jrt:///Applications/Android Studio.app/Contents/jre/Contents/Home!/jdk.pack" type="simple" />
            <root url="jrt:///Applications/Android Studio.app/Contents/jre/Contents/Home!/jdk.scripting.nashorn" type="simple" />
            <root url="jrt:///Applications/Android Studio.app/Contents/jre/Contents/Home!/jdk.scripting.nashorn.shell" type="simple" />
            <root url="jrt:///Applications/Android Studio.app/Contents/jre/Contents/Home!/jdk.sctp" type="simple" />
            <root url="jrt:///Applications/Android Studio.app/Contents/jre/Contents/Home!/jdk.security.auth" type="simple" />
            <root url="jrt:///Applications/Android Studio.app/Contents/jre/Contents/Home!/jdk.security.jgss" type="simple" />
            <root url="jrt:///Applications/Android Studio.app/Contents/jre/Contents/Home!/jdk.unsupported" type="simple" />
            <root url="jrt:///Applications/Android Studio.app/Contents/jre/Contents/Home!/jdk.xml.dom" type="simple" />
            <root url="jrt:///Applications/Android Studio.app/Contents/jre/Contents/Home!/jdk.zipfs" type="simple" />
          </root>
        </classPath>
        <javadocPath>
          <root type="composite">
            <root url="https://docs.oracle.com/en/java/javase/11/docs/api/" type="simple" />
          </root>
        </javadocPath>
        <sourcePath>
          <root type="composite" />
        </sourcePath>
      </roots>
      <additional />
    </jdk>
    <jdk version="2">
      <name value="Android API 31 Platform" />
      <type value="Android SDK" />
      <homePath value="$USER_HOME$/Library/Android/sdk" />
      <roots>
        <annotationsPath>
          <root type="composite">
            <root url="jar://$USER_HOME$/Library/Android/sdk/platforms/android-31/data/annotations.zip!/" type="simple" />
          </root>
        </annotationsPath>
        <classPath>
          <root type="composite">
            <root url="jar://$USER_HOME$/Library/Android/sdk/platforms/android-31/android.jar!/" type="simple" />
            <root url="file://$USER_HOME$/Library/Android/sdk/platforms/android-31/data/res" type="simple" />
          </root>
        </classPath>
        <javadocPath>
          <root type="composite" />
        </javadocPath>
        <sourcePath>
          <root type="composite">
            <root url="file://$USER_HOME$/Library/Android/sdk/sources/android-31" type="simple" />
          </root>
        </sourcePath>
      </roots>
      <additional jdk="JDK" sdk="android-31" />
    </jdk>
    <jdk version="2">
      <name value="Android Studio default JDK" />
      <type value="JavaSDK" />
      <homePath value="$APPLICATION_HOME_DIR$/jre/Contents/Home" />
      <roots>
        <annotationsPath>
          <root type="composite">
            <root url="jar://$APPLICATION_HOME_DIR$/plugins/java/lib/jdkAnnotations.jar!/" type="simple" />
          </root>
        </annotationsPath>
        <classPath>
          <root type="composite">
            <root url="jrt:///Applications/Android Studio.app/Contents/jre/Contents/Home!/java.base" type="simple" />
            <root url="jrt:///Applications/Android Studio.app/Contents/jre/Contents/Home!/java.compiler" type="simple" />
            <root url="jrt:///Applications/Android Studio.app/Contents/jre/Contents/Home!/java.datatransfer" type="simple" />
            <root url="jrt:///Applications/Android Studio.app/Contents/jre/Contents/Home!/java.desktop" type="simple" />
            <root url="jrt:///Applications/Android Studio.app/Contents/jre/Contents/Home!/java.instrument" type="simple" />
            <root url="jrt:///Applications/Android Studio.app/Contents/jre/Contents/Home!/java.logging" type="simple" />
            <root url="jrt:///Applications/Android Studio.app/Contents/jre/Contents/Home!/java.management" type="simple" />
            <root url="jrt:///Applications/Android Studio.app/Contents/jre/Contents/Home!/java.management.rmi" type="simple" />
            <root url="jrt:///Applications/Android Studio.app/Contents/jre/Contents/Home!/java.naming" type="simple" />
            <root url="jrt:///Applications/Android Studio.app/Contents/jre/Contents/Home!/java.net.http" type="simple" />
            <root url="jrt:///Applications/Android Studio.app/Contents/jre/Contents/Home!/java.prefs" type="simple" />
            <root url="jrt:///Applications/Android Studio.app/Contents/jre/Contents/Home!/java.rmi" type="simple" />
            <root url="jrt:///Applications/Android Studio.app/Contents/jre/Contents/Home!/java.scripting" type="simple" />
            <root url="jrt:///Applications/Android Studio.app/Contents/jre/Contents/Home!/java.se" type="simple" />
            <root url="jrt:///Applications/Android Studio.app/Contents/jre/Contents/Home!/java.security.jgss" type="simple" />
            <root url="jrt:///Applications/Android Studio.app/Contents/jre/Contents/Home!/java.security.sasl" type="simple" />
            <root url="jrt:///Applications/Android Studio.app/Contents/jre/Contents/Home!/java.smartcardio" type="simple" />
            <root url="jrt:///Applications/Android Studio.app/Contents/jre/Contents/Home!/java.sql" type="simple" />
            <root url="jrt:///Applications/Android Studio.app/Contents/jre/Contents/Home!/java.sql.rowset" type="simple" />
            <root url="jrt:///Applications/Android Studio.app/Contents/jre/Contents/Home!/java.transaction.xa" type="simple" />
            <root url="jrt:///Applications/Android Studio.app/Contents/jre/Contents/Home!/java.xml" type="simple" />
            <root url="jrt:///Applications/Android Studio.app/Contents/jre/Contents/Home!/java.xml.crypto" type="simple" />
            <root url="jrt:///Applications/Android Studio.app/Contents/jre/Contents/Home!/jdk.accessibility" type="simple" />
            <root url="jrt:///Applications/Android Studio.app/Contents/jre/Contents/Home!/jdk.aot" type="simple" />
            <root url="jrt:///Applications/Android Studio.app/Contents/jre/Contents/Home!/jdk.attach" type="simple" />
            <root url="jrt:///Applications/Android Studio.app/Contents/jre/Contents/Home!/jdk.charsets" type="simple" />
            <root url="jrt:///Applications/Android Studio.app/Contents/jre/Contents/Home!/jdk.compiler" type="simple" />
            <root url="jrt:///Applications/Android Studio.app/Contents/jre/Contents/Home!/jdk.crypto.cryptoki" type="simple" />
            <root url="jrt:///Applications/Android Studio.app/Contents/jre/Contents/Home!/jdk.crypto.ec" type="simple" />
            <root url="jrt:///Applications/Android Studio.app/Contents/jre/Contents/Home!/jdk.dynalink" type="simple" />
            <root url="jrt:///Applications/Android Studio.app/Contents/jre/Contents/Home!/jdk.hotspot.agent" type="simple" />
            <root url="jrt:///Applications/Android Studio.app/Contents/jre/Contents/Home!/jdk.httpserver" type="simple" />
            <root url="jrt:///Applications/Android Studio.app/Contents/jre/Contents/Home!/jdk.internal.ed" type="simple" />
            <root url="jrt:///Applications/Android Studio.app/Contents/jre/Contents/Home!/jdk.internal.jvmstat" type="simple" />
            <root url="jrt:///Applications/Android Studio.app/Contents/jre/Contents/Home!/jdk.internal.le" type="simple" />
            <root url="jrt:///Applications/Android Studio.app/Contents/jre/Contents/Home!/jdk.internal.opt" type="simple" />
            <root url="jrt:///Applications/Android Studio.app/Contents/jre/Contents/Home!/jdk.internal.vm.ci" type="simple" />
            <root url="jrt:///Applications/Android Studio.app/Contents/jre/Contents/Home!/jdk.internal.vm.compiler" type="simple" />
            <root url="jrt:///Applications/Android Studio.app/Contents/jre/Contents/Home!/jdk.internal.vm.compiler.management" type="simple" />
            <root url="jrt:///Applications/Android Studio.app/Contents/jre/Contents/Home!/jdk.jartool" type="simple" />
            <root url="jrt:///Applications/Android Studio.app/Contents/jre/Contents/Home!/jdk.javadoc" type="simple" />
            <root url="jrt:///Applications/Android Studio.app/Contents/jre/Contents/Home!/jdk.jdeps" type="simple" />
            <root url="jrt:///Applications/Android Studio.app/Contents/jre/Contents/Home!/jdk.jdi" type="simple" />
            <root url="jrt:///Applications/Android Studio.app/Contents/jre/Contents/Home!/jdk.jdwp.agent" type="simple" />
            <root url="jrt:///Applications/Android Studio.app/Contents/jre/Contents/Home!/jdk.jfr" type="simple" />
            <root url="jrt:///Applications/Android Studio.app/Contents/jre/Contents/Home!/jdk.jlink" type="simple" />
            <root url="jrt:///Applications/Android Studio.app/Contents/jre/Contents/Home!/jdk.jsobject" type="simple" />
            <root url="jrt:///Applications/Android Studio.app/Contents/jre/Contents/Home!/jdk.localedata" type="simple" />
            <root url="jrt:///Applications/Android Studio.app/Contents/jre/Contents/Home!/jdk.management" type="simple" />
            <root url="jrt:///Applications/Android Studio.app/Contents/jre/Contents/Home!/jdk.management.agent" type="simple" />
            <root url="jrt:///Applications/Android Studio.app/Contents/jre/Contents/Home!/jdk.management.jfr" type="simple" />
            <root url="jrt:///Applications/Android Studio.app/Contents/jre/Contents/Home!/jdk.naming.dns" type="simple" />
            <root url="jrt:///Applications/Android Studio.app/Contents/jre/Contents/Home!/jdk.naming.rmi" type="simple" />
            <root url="jrt:///Applications/Android Studio.app/Contents/jre/Contents/Home!/jdk.net" type="simple" />
            <root url="jrt:///Applications/Android Studio.app/Contents/jre/Contents/Home!/jdk.pack" type="simple" />
            <root url="jrt:///Applications/Android Studio.app/Contents/jre/Contents/Home!/jdk.scripting.nashorn" type="simple" />
            <root url="jrt:///Applications/Android Studio.app/Contents/jre/Contents/Home!/jdk.scripting.nashorn.shell" type="simple" />
            <root url="jrt:///Applications/Android Studio.app/Contents/jre/Contents/Home!/jdk.sctp" type="simple" />
            <root url="jrt:///Applications/Android Studio.app/Contents/jre/Contents/Home!/jdk.security.auth" type="simple" />
            <root url="jrt:///Applications/Android Studio.app/Contents/jre/Contents/Home!/jdk.security.jgss" type="simple" />
            <root url="jrt:///Applications/Android Studio.app/Contents/jre/Contents/Home!/jdk.unsupported" type="simple" />
            <root url="jrt:///Applications/Android Studio.app/Contents/jre/Contents/Home!/jdk.xml.dom" type="simple" />
            <root url="jrt:///Applications/Android Studio.app/Contents/jre/Contents/Home!/jdk.zipfs" type="simple" />
          </root>
        </classPath>
        <javadocPath>
          <root type="composite" />
        </javadocPath>
        <sourcePath>
          <root type="composite" />
        </sourcePath>
      </roots>
      <additional />
    </jdk>
  </component>
</application>